<?xml version="1.0" encoding="UTF-8"?>
<config xmlns="http://www.knime.org/2008/09/XMLConfig" xmlns:xsi="http://www.w3.org/2001/XMLSchema-instance" xsi:schemaLocation="http://www.knime.org/2008/09/XMLConfig http://www.knime.org/XMLConfig_2008_09.xsd" key="db_session">
    <config key="Session Info">
        <entry key="version" type="xint" value="7"/>
        <entry key="sessionID" type="xstring" value="c0d02d64-ad25-4abc-b9a7-d04e11dd6278"/>
        <entry key="dbTypeId" type="xstring" value="mssqlserver"/>
        <entry key="dialectId" type="xstring" value="mssqlserver"/>
        <entry key="dbURL" type="xstring" value="jdbc:sqlserver://localhost:1434;databaseName=DataLake_Boyaca"/>
        <entry key="authenticationType" type="xstring" value="USER_PWD"/>
        <entry key="dbUser" type="xstring" value="sa"/>
        <entry key="dbPassword" type="xpassword" value="02DAAAAGMq_QxveL1vZ0EBjxobvHxmPzsd-W3WIvQmkEs="/>
        <entry key="host" type="xstring" value="localhost"/>
    </config>
    <config key="Driver Definition">
        <entry key="driverId" type="xstring" value="built-in-mssqlserver-9.4.0"/>
        <entry key="driverName" type="xstring" value="Driver for Microsoft SQL Server v.9.4.0"/>
        <entry key="driverVersion" type="xstring" value="9.4.0"/>
        <entry key="driverClass" type="xstring" value="com.microsoft.sqlserver.jdbc.SQLServerDriver"/>
        <entry key="driverDescription" type="xstring" value=""/>
        <entry key="driverOrigin" type="xstring" value="EXTENSION"/>
        <entry key="deprecated" type="xboolean" value="false"/>
    </config>
    <config key="Attributes"/>
</config>
