<?xml version="1.0" encoding="UTF-8"?>
<config xmlns="http://www.knime.org/2008/09/XMLConfig" xmlns:xsi="http://www.w3.org/2001/XMLSchema-instance" xsi:schemaLocation="http://www.knime.org/2008/09/XMLConfig http://www.knime.org/XMLConfig_2008_09.xsd" key="db_session">
    <config key="Session Info">
        <entry key="version" type="xint" value="7"/>
        <entry key="sessionID" type="xstring" value="cf50f129-86fa-4e9b-897e-c36eb46c1fe7"/>
        <entry key="dbTypeId" type="xstring" value="mssqlserver"/>
        <entry key="dialectId" type="xstring" value="mssqlserver"/>
        <entry key="dbURL" type="xstring" value="jdbc:jtds:sqlserver://localhost:1434/DataLake_Boyaca"/>
        <entry key="authenticationType" type="xstring" value="USER_PWD"/>
        <entry key="dbUser" type="xstring" value="sa"/>
        <entry key="dbPassword" type="xpassword" value="02DAAAAGMq_QxveL1vZ0EBjxobvHxmPzsd-W3WIvQmkEs="/>
        <entry key="host" type="xstring" value="localhost"/>
    </config>
    <config key="Driver Definition">
        <entry key="driverId" type="xstring" value="jTDS for Microsoft SQL Server"/>
        <entry key="driverName" type="xstring" value="jTDS for Microsoft SQL Server (deprecated)"/>
        <entry key="driverVersion" type="xstring" value="1.3.0"/>
        <entry key="driverClass" type="xstring" value="net.sourceforge.jtds.jdbc.Driver"/>
        <entry key="driverDescription" type="xstring" value=""/>
        <entry key="driverOrigin" type="xstring" value="EXTENSION"/>
        <entry key="deprecated" type="xboolean" value="true"/>
    </config>
    <config key="Attributes"/>
</config>
